episode_number,Discovtiles
200.00000,47.50000
300.00000,51.00000
400.00000,49.00000
