episode_number,Epsilon
200.00000,0.94739
300.00000,0.82774
400.00000,0.73119
