episode_number,Learn_rate
200.00000,0.00997
300.00000,0.00871
400.00000,0.00770
