episode_number,Progress
200.00000,3.00000
300.00000,4.00000
400.00000,3.00000
