episode_number,Reward
200.00000,-0.10000
300.00000,0.20000
400.00000,-0.10000
