episode_number,Win_rate
200.00000,0.00000
300.00000,0.00000
400.00000,0.00000
